study,mode,seeds,success_mean,success_sample_std,action_mse_mean,action_mse_sample_std
cube_double_10k,original,3,0.0,0.0,0.815233568350474,0.011557497089127136
cube_double_10k,robust,3,0.0,0.0,0.7963788509368896,0.01682513839350624
cube_double_10k,naive,3,0.0,0.0,0.9422468344370524,0.07170600924203499
cube_double_100k,original,3,0.0,0.0,0.69334743420283,0.0427474149860522
cube_double_100k,robust,3,0.0,0.0,0.7002510031064352,0.026965912648267358
cube_double_100k,naive,3,0.0,0.0,1.6469193299611409,0.09818673633738377
cube_double_1m_seed0,original,1,0.0,,0.4963464140892029,
cube_double_1m_seed0,robust,1,0.004,,0.5181635022163391,
cube_double_1m_seed0,naive,1,0.0,,1.7699413299560547,
