distance_to_cut,samples,robust_minus_original_value,naive_minus_original_value,robust_minus_original_q,naive_minus_original_q,naive_minus_robust_value,naive_minus_robust_q
0,2048,-5.116031644435132,15.375780640609083,-4.278593251526033,14.899623926429559,20.491812285044215,19.17821717795559
1,2048,-5.0678857822896575,15.645936335364695,-4.162886502817678,15.20664904738123,20.713822117654352,19.369535550198908
2,2048,-5.108647306864533,15.254996650438509,-4.165208002749566,14.791689388106533,20.36364395730304,18.9568973908561
3,2048,-5.007780802800699,15.694180377022736,-4.232481034050942,15.212315019205427,20.701961179823435,19.44479605325637
4,2048,-4.96627790189396,15.871108211073189,-4.075541608750065,15.483707138696444,20.83738611296715,19.55924874744651
5,2048,-4.967289392536351,15.629084744400412,-4.124503944665051,15.315466271126569,20.596374136936763,19.439970215791618
6,2048,-5.185574891731086,15.468475619252876,-4.2881719171230515,15.070557100861429,20.654050510983964,19.35872901798448
7,2048,-5.015447310014039,15.47909236109879,-4.087182438619404,15.05128471592543,20.49453967111283,19.138467154544834
8,2048,-4.932620286752716,15.437622351531717,-4.155051697474846,15.005625306036382,20.37024263828443,19.16067700351123
